,Team,Player,Pageviews
0,Atlanta Hawks,Dominick Barlow,37369
1,Atlanta Hawks,Kobe Bufkin,61452
2,Atlanta Hawks,Clint Capela,130402
3,Atlanta Hawks,Dyson Daniels,301712
4,Atlanta Hawks,Mouhamed Gueye,37505
5,Atlanta Hawks,Jalen Johnson,186152
6,Atlanta Hawks,Vít Krejčí,53508
7,Atlanta Hawks,Caris LeVert,121715
8,Atlanta Hawks,Terance Mann,102410
9,Atlanta Hawks,Garrison Mathews,39986
10,Atlanta Hawks,Larry Jr. Nance,173930
11,Atlanta Hawks,Georges Niang,223704
12,Atlanta Hawks,Onyeka Okongwu,110792
13,Atlanta Hawks,Daeqwon Plowden,27748
14,Atlanta Hawks,Zaccharie Risacher,747756
15,Atlanta Hawks,Keaton Wallace,28586
16,Atlanta Hawks,Trae Young,640276
17,Boston Celtics,Jaylen Brown,1920374
18,Boston Celtics,Torrey Craig,107679
19,Boston Celtics,JD Davison,79655
20,Boston Celtics,Sam Hauser,249726
21,Boston Celtics,Jrue Holiday,1420294
22,Boston Celtics,Al Horford,1187414
23,Boston Celtics,Luke Kornet,227690
24,Boston Celtics,Drew Peterson,88362
25,Boston Celtics,Kristaps Porziņģis,1232667
26,Boston Celtics,Payton Pritchard,539468
27,Boston Celtics,Neemias Queta,201086
28,Boston Celtics,Baylor Scheierman,137343
29,Boston Celtics,Jayson Tatum,2805655
30,Boston Celtics,Xavier Tillman,176181
31,Boston Celtics,Jordan Walsh,161658
32,Boston Celtics,Anton Watson,59082
33,Boston Celtics,Derrick White,165415
34,Brooklyn Nets,Reece Beekman,45226
35,Brooklyn Nets,Bojan Bogdanović,344574
36,Brooklyn Nets,Nic Claxton,98006
37,Brooklyn Nets,Noah Clowney,51379
38,Brooklyn Nets,Tosan Evbuomwan,48730
39,Brooklyn Nets,Cameron Johnson,135504
40,Brooklyn Nets,Keon Johnson,58927
41,Brooklyn Nets,Maxwell Lewis,61353
42,Brooklyn Nets,Tyrese Martin,42112
43,Brooklyn Nets,De'Anthony Melton,170949
44,Brooklyn Nets,D'Angelo Russell,728815
45,Brooklyn Nets,Day'Ron Sharpe,48059
46,Brooklyn Nets,Cam Thomas,206770
47,Brooklyn Nets,Trendon Watford,32633
48,Brooklyn Nets,Dariq Whitehead,64578
49,Brooklyn Nets,Ziaire Williams,146005
50,Brooklyn Nets,Jalen Wilson,65189
51,Charlotte Hornets,LaMelo Ball,1132946
52,Charlotte Hornets,Damion Baugh,5407
53,Charlotte Hornets,Miles Bridges,300167
54,Charlotte Hornets,Seth Curry,765713
55,Charlotte Hornets,Moussa Diabaté,60595
56,Charlotte Hornets,Taj Gibson,221248
57,Charlotte Hornets,Josh Green,230544
58,Charlotte Hornets,DaQuan Jeffries,34700
59,Charlotte Hornets,Tre Mann,156476
60,Charlotte Hornets,Brandon Miller,271759
61,Charlotte Hornets,Wendell Jr. Moore,64183
62,Charlotte Hornets,Jusuf Nurkić,226532
63,Charlotte Hornets,Josh Okogie,68533
64,Charlotte Hornets,Elfrid Payton,153086
65,Charlotte Hornets,Tidjane Salaün,155365
66,Charlotte Hornets,KJ Simpson,29274
67,Charlotte Hornets,Nick Jr. Smith,49186
68,Charlotte Hornets,Grant Williams,334842
69,Charlotte Hornets,Mark Williams,63660
70,Chicago Bulls,Lonzo Ball,929933
71,Chicago Bulls,Matas Buzelis,402516
72,Chicago Bulls,Jevon Carter,59577
73,Chicago Bulls,Zach Collins,86069
74,Chicago Bulls,Ayo Dosunmu,108631
75,Chicago Bulls,Josh Giddey,885430
76,Chicago Bulls,Talen Horton-Tucker,139493
77,Chicago Bulls,Kevin Huerter,90581
78,Chicago Bulls,Tre Jones,98886
79,Chicago Bulls,E. J. Liddell,52855
80,Chicago Bulls,Emanuel Miller,13901
81,Chicago Bulls,Julian Phillips,51496
82,Chicago Bulls,Adama Sanogo,122317
83,Chicago Bulls,Jalen Smith,140357
84,Chicago Bulls,Dalen Terry,44763
85,Chicago Bulls,Nikola Vučević,219835
86,Chicago Bulls,Coby White,237802
87,Chicago Bulls,Patrick Williams,108320
88,Cleveland Cavaliers,Jarrett Allen,198404
89,Cleveland Cavaliers,Emoni Bates,166982
90,Cleveland Cavaliers,Darius Garland,270265
91,Cleveland Cavaliers,De'Andre Hunter,117928
92,Cleveland Cavaliers,Ty Jerome,171471
93,Cleveland Cavaliers,Sam Merrill,123215
94,Cleveland Cavaliers,Donovan Mitchell,794537
95,Cleveland Cavaliers,Evan Mobley,264940
96,Cleveland Cavaliers,Isaac Okoro,107930
97,Cleveland Cavaliers,Craig Jr. Porter,54629
98,Cleveland Cavaliers,Max Strus,229007
99,Cleveland Cavaliers,Tristan Thompson,807390
100,Cleveland Cavaliers,JT Thor,153500
101,Cleveland Cavaliers,Luke Travers,44611
102,Cleveland Cavaliers,Jaylon Tyson,69502
103,Cleveland Cavaliers,Dean Wade,98258
104,Dallas Mavericks,Max Christie,802
105,Dallas Mavericks,Anthony Davis,1149289
106,Dallas Mavericks,Spencer Dinwiddie,419818
107,Dallas Mavericks,Kessler Edwards,48196
108,Dallas Mavericks,Danté Exum,99902
109,Dallas Mavericks,Daniel Gafford,405184
110,Dallas Mavericks,Jaden Hardy,107406
111,Dallas Mavericks,Kyrie Irving,2957736
112,Dallas Mavericks,Kylor Kelley,23733
113,Dallas Mavericks,Dereck II Lively,603409
114,Dallas Mavericks,Naji Marshall,121420
115,Dallas Mavericks,Caleb Martin,201623
116,Dallas Mavericks,Dwight Powell,152150
117,Dallas Mavericks,Olivier-Maxence Prosper,76327
118,Dallas Mavericks,Klay Thompson,1706759
119,Dallas Mavericks,P. J. Washington,590601
120,Dallas Mavericks,Brandon Williams,33767
121,Denver Nuggets,Trey Alexander,39449
122,Denver Nuggets,Christian Braun,296789
123,Denver Nuggets,Vlatko Čančar,57646
124,Denver Nuggets,Aaron Gordon,574510
125,Denver Nuggets,PJ Hall,59759
126,Denver Nuggets,DaRon II Holmes,86092
127,Denver Nuggets,Nikola Jokić,3156198
128,Denver Nuggets,Spencer Jones,7516
129,Denver Nuggets,DeAndre Jordan,398669
130,Denver Nuggets,Jamal Murray,721924
131,Denver Nuggets,Zeke Nnaji,56689
132,Denver Nuggets,Jalen Pickett,40513
133,Denver Nuggets,Michael Jr. Porter,713130
134,Denver Nuggets,Dario Šarić,191527
135,Denver Nuggets,Julian Strawther,70514
136,Denver Nuggets,Hunter Tyson,45422
137,Denver Nuggets,Peyton Watson,131709
138,Denver Nuggets,Russell Westbrook,1529687
139,Detroit Pistons,Malik Beasley,207307
140,Detroit Pistons,Cade Cunningham,377350
141,Detroit Pistons,Jalen Duren,165916
142,Detroit Pistons,Simone Fontecchio,106579
143,Detroit Pistons,Tim Jr. Hardaway,322357
144,Detroit Pistons,Ron Jr. Harper,121037
145,Detroit Pistons,Tobias Harris,356689
146,Detroit Pistons,Ron Holland,219555
147,Detroit Pistons,Jaden Ivey,191353
148,Detroit Pistons,Daniss Jenkins,7354
149,Detroit Pistons,Bobi Klintman,88835
150,Detroit Pistons,Paul Reed,92866
151,Detroit Pistons,Marcus Sasser,60534
152,Detroit Pistons,Dennis Schröder,733735
153,Detroit Pistons,Tolu Smith,3133
154,Detroit Pistons,Isaiah Stewart,142934
155,Detroit Pistons,Ausar Thompson,178754
156,Detroit Pistons,Lindy III Waters,257801
157,Golden State Warriors,Jimmy Butler,1205216
158,Golden State Warriors,Stephen Curry,4915516
159,Golden State Warriors,Draymond Green,885688
160,Golden State Warriors,Buddy Hield,628306
161,Golden State Warriors,Trayce Jackson-Davis,267835
162,Golden State Warriors,Jonathan Kuminga,433191
163,Golden State Warriors,Kevon Looney,253437
164,Golden State Warriors,Moses Moody,107797
165,Golden State Warriors,Gary II Payton,208138
166,Golden State Warriors,Brandin Podziemski,424726
167,Golden State Warriors,Quinten Post,118066
168,Golden State Warriors,Jackson Rowe,4982
169,Golden State Warriors,Gui Santos,106515
170,Golden State Warriors,Pat Spencer,218111
171,Houston Rockets,Steven Adams,512197
172,Houston Rockets,Dillon Brooks,293911
173,Houston Rockets,N'Faly Dante,48032
174,Houston Rockets,Tari Eason,79999
175,Houston Rockets,Jalen Green,685326
176,Houston Rockets,Jeff Green,222699
177,Houston Rockets,Aaron Holiday,158667
178,Houston Rockets,Jock Landale,125776
179,Houston Rockets,Jack McVeigh,85332
180,Houston Rockets,Alperen Şengün,364111
181,Houston Rockets,Reed Sheppard,532888
182,Houston Rockets,Jabari Jr. Smith,197394
183,Houston Rockets,Jae'Sean Tate,35767
184,Houston Rockets,Amen Thompson,229112
185,Houston Rockets,Fred VanVleet,231695
186,Houston Rockets,Cam Whitmore,136311
187,Houston Rockets,Nate Williams,15900
188,Houston Rockets,Cody Zeller,122892
189,Indiana Pacers,Thomas Bryant,96215
190,Indiana Pacers,RayJ Dennis,13660
191,Indiana Pacers,Enrique Freeman,39798
192,Indiana Pacers,Johnny Furphy,124498
193,Indiana Pacers,Tyrese Haliburton,1257171
194,Indiana Pacers,Isaiah Jackson,62326
195,Indiana Pacers,Quenton Jackson,21407
196,Indiana Pacers,James Johnson,272652
197,Indiana Pacers,Bennedict Mathurin,190917
198,Indiana Pacers,T. J. McConnell,499212
199,Indiana Pacers,Andrew Nembhard,299905
200,Indiana Pacers,Aaron Nesmith,147642
201,Indiana Pacers,Jahlil Okafor,285522
202,Indiana Pacers,Ben Sheppard,74614
203,Indiana Pacers,Pascal Siakam,640882
204,Indiana Pacers,Obi Toppin,369970
205,Indiana Pacers,Myles Turner,241653
206,Indiana Pacers,Jarace Walker,94605
207,Los Angeles Clippers,Nicolas Batum,337217
208,Los Angeles Clippers,MarJon Beauchamp,100323
209,Los Angeles Clippers,Bogdan Bogdanović,521472
210,Los Angeles Clippers,Kobe Brown,43641
211,Los Angeles Clippers,Cam Christie,90400
212,Los Angeles Clippers,Amir Coffey,62404
213,Los Angeles Clippers,Kris Dunn,165819
214,Los Angeles Clippers,Drew Eubanks,84133
215,Los Angeles Clippers,Trentyn Flowers,28954
216,Los Angeles Clippers,James Harden,1298340
217,Los Angeles Clippers,Derrick Jr. Jones,278853
218,Los Angeles Clippers,Kai Jones,163856
219,Los Angeles Clippers,Kawhi Leonard,1241724
220,Los Angeles Clippers,Jordan Miller,46986
221,Los Angeles Clippers,Patty Mills,474240
222,Los Angeles Clippers,Norman Powell,159193
223,Los Angeles Clippers,Ben Simmons,1033978
224,Los Angeles Clippers,Ivica Zubac,207423
225,Los Angeles Lakers,Luka Dončić,3572995
226,Los Angeles Lakers,Dorian Finney-Smith,153777
227,Los Angeles Lakers,Jordan Goodwin,44009
228,Los Angeles Lakers,Rui Hachimura,637805
229,Los Angeles Lakers,Jaxson Hayes,191380
230,Los Angeles Lakers,Bronny James,3083850
231,Los Angeles Lakers,LeBron James,8373555
232,Los Angeles Lakers,Trey Jemison,43061
233,Los Angeles Lakers,Dalton Knecht,1080308
234,Los Angeles Lakers,Maxi Kleber,111573
235,Los Angeles Lakers,Christian Koloko,133270
236,Los Angeles Lakers,Alex Len,85358
237,Los Angeles Lakers,Shake Milton,144988
238,Los Angeles Lakers,Markieff Morris,219027
239,Los Angeles Lakers,Austin Reaves,653280
240,Los Angeles Lakers,Cam Reddish,177092
241,Los Angeles Lakers,Jarred Vanderbilt,141796
242,Los Angeles Lakers,Gabe Vincent,129741
243,Memphis Grizzlies,Santi Aldama,146514
244,Memphis Grizzlies,Marvin III Bagley,303019
245,Memphis Grizzlies,Desmond Bane,135968
246,Memphis Grizzlies,Brandon Clarke,65648
247,Memphis Grizzlies,Johnny Davis,80704
248,Memphis Grizzlies,Zach Edey,2839417
249,Memphis Grizzlies,Jay Huff,102009
250,Memphis Grizzlies,GG Jackson,314063
251,Memphis Grizzlies,Jaren Jr. Jackson,250531
252,Memphis Grizzlies,Yuki Kawamura,604296
253,Memphis Grizzlies,Luke Kennard,114254
254,Memphis Grizzlies,John Konchar,41685
255,Memphis Grizzlies,Ja Morant,961363
256,Memphis Grizzlies,Scotty Jr. Pippen,723977
257,Memphis Grizzlies,Zyon Pullin,5873
258,Memphis Grizzlies,Cam Spencer,244242
259,Memphis Grizzlies,Jaylen Wells,87997
260,Memphis Grizzlies,Vince Jr. Williams,54945
261,Miami Heat,Bam Adebayo,802836
262,Miami Heat,Kyle Anderson,401299
263,Miami Heat,Alec Burks,191543
264,Miami Heat,Josh Christopher,97898
265,Miami Heat,Tyler Herro,373894
266,Miami Heat,Haywood Highsmith,61165
267,Miami Heat,Jaime Jr. Jaquez,474778
268,Miami Heat,Keshad Johnson,37266
269,Miami Heat,Nikola Jović,325203
270,Miami Heat,Pelle Larsson,98496
271,Miami Heat,Kevin Love,617651
272,Miami Heat,Davion Mitchell,147664
273,Miami Heat,Duncan Robinson,121319
274,Miami Heat,Terry Rozier,310139
275,Miami Heat,Dru Smith,27592
276,Miami Heat,Isaiah Stevens,16115
277,Miami Heat,Kel'el Ware,138610
278,Miami Heat,Andrew Wiggins,648966
279,Milwaukee Bucks,Giannis Antetokounmpo,2382282
280,Milwaukee Bucks,Pat Connaughton,110713
281,Milwaukee Bucks,A. J. Green,98982
282,Milwaukee Bucks,Andre Jr. Jackson,99721
283,Milwaukee Bucks,Kyle Kuzma,407767
284,Milwaukee Bucks,Damian Lillard,996490
285,Milwaukee Bucks,Chris Livingston,55679
286,Milwaukee Bucks,Brook Lopez,489908
287,Milwaukee Bucks,Kevin Jr. Porter,624014
288,Milwaukee Bucks,Bobby Portis,198271
289,Milwaukee Bucks,Taurean Prince,223567
290,Milwaukee Bucks,Liam Robbins,23998
291,Milwaukee Bucks,Ryan Rollins,77891
292,Milwaukee Bucks,Jericho Sims,81321
293,Milwaukee Bucks,Tyler Smith,44000
294,Milwaukee Bucks,Gary Jr. Trent,145760
295,Milwaukee Bucks,Stanley Umude,20729
296,Minnesota Timberwolves,Nickeil Alexander-Walker,251618
297,Minnesota Timberwolves,Jaylen Clark,57173
298,Minnesota Timberwolves,Mike Jr. Conley,528894
299,Minnesota Timberwolves,Rob Dillingham,397918
300,Minnesota Timberwolves,Donte DiVincenzo,1338366
301,Minnesota Timberwolves,Anthony Edwards,4199531
302,Minnesota Timberwolves,Jesse Edwards,29251
303,Minnesota Timberwolves,Luka Garza,285364
304,Minnesota Timberwolves,Rudy Gobert,905900
305,Minnesota Timberwolves,Joe Ingles,197207
306,Minnesota Timberwolves,Jaden McDaniels,425242
307,Minnesota Timberwolves,Leonard Miller,59732
308,Minnesota Timberwolves,Josh Minott,39704
309,Minnesota Timberwolves,Tristen Newton,152894
310,Minnesota Timberwolves,Julius Randle,606738
311,Minnesota Timberwolves,Naz Reid,598083
312,Minnesota Timberwolves,Terrence Jr. Shannon,263911
313,New Orleans Pelicans,Jose Alvarado,215643
314,New Orleans Pelicans,Brandon Jr. Boston,122012
315,New Orleans Pelicans,Keion Jr. Brooks,15982
316,New Orleans Pelicans,Bruce Brown,223517
317,New Orleans Pelicans,Jamal Cain,25449
318,New Orleans Pelicans,Javonte Green,73983
319,New Orleans Pelicans,Jordan Hawkins,132218
320,New Orleans Pelicans,Herbert Jones,113128
321,New Orleans Pelicans,Karlo Matković,50326
322,New Orleans Pelicans,CJ McCollum,221513
323,New Orleans Pelicans,Yves Missi,117005
324,New Orleans Pelicans,Trey III Murphy,124202
325,New Orleans Pelicans,Dejounte Murray,400689
326,New Orleans Pelicans,Kelly Olynyk,281037
327,New Orleans Pelicans,Antonio Reeves,55548
328,New Orleans Pelicans,Jeremiah Robinson-Earl,43087
329,New Orleans Pelicans,Zion Williamson,828669
330,New York Knicks,Precious Achiuwa,278548
331,New York Knicks,OG Anunoby,505591
332,New York Knicks,Mikal Bridges,626194
333,New York Knicks,Jalen Brunson,2034271
334,New York Knicks,Pacôme Dadiet,96892
335,New York Knicks,Josh Hart,799765
336,New York Knicks,Ariel Hukporti,111677
337,New York Knicks,Tyler Kolek,221935
338,New York Knicks,Miles McBride,239650
339,New York Knicks,Kevin Jr. McCullar,64579
340,New York Knicks,Cameron Payne,214197
341,New York Knicks,Mitchell Robinson,148500
342,New York Knicks,Matt Ryan,72015
343,New York Knicks,Landry Shamet,103913
344,New York Knicks,Jacob Toppin,197531
345,New York Knicks,Karl-Anthony Towns,1440101
346,New York Knicks,Delon Wright,111007
347,Oklahoma City Thunder,Branden Carlson,31087
348,Oklahoma City Thunder,Alex Caruso,445667
349,Oklahoma City Thunder,Ousmane Dieng,81063
350,Oklahoma City Thunder,Luguentz Dort,264813
351,Oklahoma City Thunder,Alex Ducas,16539
352,Oklahoma City Thunder,Adam Flagler,27024
353,Oklahoma City Thunder,Shai Gilgeous-Alexander,1892406
354,Oklahoma City Thunder,Isaiah Hartenstein,931465
355,Oklahoma City Thunder,Chet Holmgren,930951
356,Oklahoma City Thunder,Isaiah Joe,83167
357,Oklahoma City Thunder,Dillon Jones,59820
358,Oklahoma City Thunder,Ajay Mitchell,74127
359,Oklahoma City Thunder,Nikola Topić,205184
360,Oklahoma City Thunder,Cason Wallace,131755
361,Oklahoma City Thunder,Aaron Wiggins,167536
362,Oklahoma City Thunder,Jalen Williams,491577
363,Oklahoma City Thunder,Jaylin Williams,41234
364,Oklahoma City Thunder,Kenrich Williams,40414
365,Orlando Magic,Cole Anthony,148353
366,Orlando Magic,Paolo Banchero,885647
367,Orlando Magic,Goga Bitadze,151359
368,Orlando Magic,Anthony Black,136497
369,Orlando Magic,Kentavious Caldwell-Pope,345065
370,Orlando Magic,Wendell Jr. Carter,114079
371,Orlando Magic,Tristan da Silva,169908
372,Orlando Magic,Gary Harris,80132
373,Orlando Magic,Caleb Houstan,45663
374,Orlando Magic,Jett Howard,119183
375,Orlando Magic,Jonathan Isaac,173502
376,Orlando Magic,Cory Joseph,107036
377,Orlando Magic,Mac McClung,768427
378,Orlando Magic,Trevelin Queen,30552
379,Orlando Magic,Jalen Suggs,500856
380,Orlando Magic,Ethan Thompson,30779
381,Orlando Magic,Franz Wagner,458098
382,Orlando Magic,Moritz Wagner,331780
383,Philadelphia 76ers,Adem Bona,97605
384,Philadelphia 76ers,Jared Butler,60857
385,Philadelphia 76ers,Ricky IV Council,100961
386,Philadelphia 76ers,Jeff Dowtin,32291
387,Philadelphia 76ers,Andre Drummond,531596
388,Philadelphia 76ers,Justin Edwards,70752
389,Philadelphia 76ers,Joel Embiid,2267283
390,Philadelphia 76ers,Paul George,1154406
391,Philadelphia 76ers,Eric Gordon,240337
392,Philadelphia 76ers,Quentin Grimes,261536
393,Philadelphia 76ers,Kyle Lowry,650884
394,Philadelphia 76ers,Tyrese Maxey,614961
395,Philadelphia 76ers,Jared McCain,718788
396,Philadelphia 76ers,Chuma Okeke,53291
397,Philadelphia 76ers,Kelly Jr. Oubre,308059
398,Philadelphia 76ers,David Roddy,72808
399,Philadelphia 76ers,Guerschon Yabusele,588614
400,Phoenix Suns,Grayson Allen,372948
401,Phoenix Suns,Bradley Beal,349771
402,Phoenix Suns,Bol Bol,646784
403,Phoenix Suns,Devin Booker,1234028
404,Phoenix Suns,Jalen Bridges,28054
405,Phoenix Suns,Ryan Dunn,113614
406,Phoenix Suns,Kevin Durant,3017983
407,Phoenix Suns,Collin Gillespie,94425
408,Phoenix Suns,Oso Ighodaro,89484
409,Phoenix Suns,Tyus Jones,202418
410,Phoenix Suns,Damion Lee,150778
411,Phoenix Suns,Cody Martin,102287
412,Phoenix Suns,Vasilije Micić,274495
413,Phoenix Suns,Monté Morris,125921
414,Phoenix Suns,Royce O'Neale,92268
415,Phoenix Suns,Mason Plumlee,186912
416,Phoenix Suns,Nick Richards,336
417,Phoenix Suns,TyTy Jr. Washington,65903
418,Portland Trail Blazers,Deni Avdija,267874
419,Portland Trail Blazers,Deandre Ayton,379316
420,Portland Trail Blazers,Dalano Banton,108881
421,Portland Trail Blazers,Toumani Camara,70458
422,Portland Trail Blazers,Sidy Cissoko,42362
423,Portland Trail Blazers,Donovan Clingan,592323
424,Portland Trail Blazers,Jerami Grant,204376
425,Portland Trail Blazers,Scoot Henderson,262716
426,Portland Trail Blazers,Bryce McGowens,32740
427,Portland Trail Blazers,Justin Minaya,27620
428,Portland Trail Blazers,Kris Murray,103993
429,Portland Trail Blazers,Duop Reath,152078
430,Portland Trail Blazers,Rayan Rupert,34906
431,Portland Trail Blazers,Shaedon Sharpe,118052
432,Portland Trail Blazers,Anfernee Simons,144286
433,Portland Trail Blazers,Matisse Thybulle,142509
434,Portland Trail Blazers,Jabari Walker,54342
435,Portland Trail Blazers,Robert III Williams,154892
436,Sacramento Kings,Devin Carter,127092
437,Sacramento Kings,Isaiah Crawford,12178
438,Sacramento Kings,Jae Crowder,186777
439,Sacramento Kings,DeMar DeRozan,969331
440,Sacramento Kings,Keon Ellis,91914
441,Sacramento Kings,Markelle Fultz,499734
442,Sacramento Kings,Isaac Jones,21226
443,Sacramento Kings,Mason Jones,29438
444,Sacramento Kings,Jake LaRavia,63970
445,Sacramento Kings,Zach LaVine,380124
446,Sacramento Kings,Trey Lyles,110667
447,Sacramento Kings,Doug McDermott,263955
448,Sacramento Kings,Malik Monk,208734
449,Sacramento Kings,Keegan Murray,187272
450,Sacramento Kings,Daishen Nix,56743
451,Sacramento Kings,Domantas Sabonis,844556
452,Sacramento Kings,Jonas Valančiūnas,264309
453,San Antonio Spurs,Harrison Barnes,350686
454,San Antonio Spurs,Charles Bassey,39635
455,San Antonio Spurs,Bismack Biyombo,145306
456,San Antonio Spurs,Malaki Branham,48281
457,San Antonio Spurs,Stephon Castle,333887
458,San Antonio Spurs,Julian Champagnie,92839
459,San Antonio Spurs,David Jr. Duke,32703
460,San Antonio Spurs,De'Aaron Fox,318861
461,San Antonio Spurs,Harrison Ingram,106114
462,San Antonio Spurs,Keldon Johnson,143888
463,San Antonio Spurs,Sandro Mamukelashvili,93698
464,San Antonio Spurs,Jordan McLaughlin,51245
465,San Antonio Spurs,Riley Minix,20616
466,San Antonio Spurs,Chris Paul,1446349
467,San Antonio Spurs,Jeremy Sochan,313068
468,San Antonio Spurs,Devin Vassell,97230
469,San Antonio Spurs,Victor Wembanyama,3266396
470,San Antonio Spurs,Blake Wesley,45098
471,Toronto Raptors,Ochai Agbaji,182836
472,Toronto Raptors,Scottie Barnes,541501
473,Toronto Raptors,RJ Barrett,533762
474,Toronto Raptors,Jamison Battle,63500
475,Toronto Raptors,Chris Boucher,116669
476,Toronto Raptors,Ulrich Chomche,82315
477,Toronto Raptors,Gradey Dick,339096
478,Toronto Raptors,Brandon Ingram,346297
479,Toronto Raptors,A. J. Lawson,43917
480,Toronto Raptors,Jonathan Mogbo,66978
481,Toronto Raptors,Jakob Pöltl,126538
482,Toronto Raptors,Immanuel Quickley,192826
483,Toronto Raptors,Orlando Robinson,34971
484,Toronto Raptors,Jamal Shead,113781
485,Toronto Raptors,Garrett Temple,105392
486,Toronto Raptors,P. J. Tucker,276606
487,Toronto Raptors,Ja'Kobe Walter,96552
488,Utah Jazz,Jordan Clarkson,354153
489,Utah Jazz,Isaiah Collier,119353
490,Utah Jazz,John Collins,112369
491,Utah Jazz,Kyle Filipowski,545941
492,Utah Jazz,Keyonte George,121647
493,Utah Jazz,Elijah Harkless,3481
494,Utah Jazz,Taylor Hendricks,78429
495,Utah Jazz,Johnny Juzang,106503
496,Utah Jazz,Walker Kessler,179857
497,Utah Jazz,Lauri Markkanen,492484
498,Utah Jazz,Kenyon Jr. Martin,187683
499,Utah Jazz,Sviatoslav Mykhailiuk,132193
500,Utah Jazz,Micah Potter,59478
501,Utah Jazz,Brice Sensabaugh,47367
502,Utah Jazz,Collin Sexton,175679
503,Utah Jazz,Oscar Tshiebwe,123814
504,Utah Jazz,Cody Williams,182639
505,Washington Wizards,Saddiq Bey,113686
506,Washington Wizards,Malcolm Brogdon,283297
507,Washington Wizards,Bub Carrington,98507
508,Washington Wizards,Justin Champagnie,76914
509,Washington Wizards,Bilal Coulibaly,209238
510,Washington Wizards,Kyshawn George,120216
511,Washington Wizards,Anthony Gill,32740
512,Washington Wizards,Richaun Holmes,68113
513,Washington Wizards,AJ Johnson,59665
514,Washington Wizards,Colby Jones,30251
515,Washington Wizards,Corey Kispert,79002
516,Washington Wizards,Jaylen Martin,19659
517,Washington Wizards,Khris Middleton,251117
518,Washington Wizards,Jaylen Nowell,33362
519,Washington Wizards,Jordan Poole,392527
520,Washington Wizards,Alex Sarr,186572
521,Washington Wizards,Marcus Smart,359563
522,Washington Wizards,Tristan Vukčević,111985
