Team,Pageviews
Arizona Cardinals,666980
Atlanta Falcons,622552
Baltimore Ravens,1126202
Buffalo Bills,1136379
Carolina Panthers,671071
Chicago Bears,1032473
Cincinnati Bengals,593361
Cleveland Browns,999510
Dallas Cowboys,1407793
Denver Broncos,739893
Detroit Lions,1565246
Green Bay Packers,1221646
Houston Texans,836914
Indianapolis Colts,562352
Jacksonville Jaguars,614220
Kansas City Chiefs,2506630
Las Vegas Raiders,1011995
Los Angeles Chargers,785258
Los Angeles Rams,1105814
Miami Dolphins,748607
Minnesota Vikings,822392
New England Patriots,1516423
New Orleans Saints,560041
New York Giants,983722
New York Jets,902251
Philadelphia Eagles,1069607
Pittsburgh Steelers,1069580
San Francisco 49ers,2014652
Seattle Seahawks,760733
Tampa Bay Buccaneers,808726
Tennessee Titans,673810
Washington Commanders,1447551
